Optimal_Segments_K,Breakpoints
8,"[-0.1288176  -0.108887   -0.08478895 -0.06189251 -0.03279214  0.
  0.07207507  0.1201091 ]"
